{
    "epoch": 10.0,
    "predict_accuracy": 57.761732851985556,
    "predict_average": 57.761732851985556,
    "predict_runtime": 141.8538,
    "predict_samples": 277,
    "predict_samples_per_second": 1.953,
    "predict_steps_per_second": 0.007
}